commonName,scientificName,assessment,hdImg
Diamondback Terrapin,Malaclemys terrapin,Vulnerable,https://s2r.iucnredlist.org/sis2_images/cVSL2FtH-D8D9lQ-b3W.jpg
Pancake Tortoise,Malacochersus tornieri,Critically Endangered,https://s2r.iucnredlist.org/sis2_images/c2fFpxDZ-D7p4HS-DS3.jpg
Tricarinate Hill Turtle,Melanochelys tricarinata,Endangered,https://s2r.iucnredlist.org/sis2_images/ddSHCM0s-dblGnm-pZT.jpg
Indian Black Turtle,Melanochelys trijuga,Least Concern,https://s2r.iucnredlist.org/sis2_images/DMZK8BnS-dblGHz-pZr.jpg
Malaysian Giant Turtle,Orlitia borneensis,Critically Endangered,https://s2r.iucnredlist.org/sis2_images/dcrnbxDL-dblGcw-pZq.jpg
Mediterranean Chameleon,Chamaeleo chamaeleon,Least Concern,https://s2r.iucnredlist.org/sis2_images/842620496.jpg
Starred Agama,Stellagama stellio,Least Concern,https://s2r.iucnredlist.org/sis2_images/1534960818.jpg
Steppe-runner,Eremias arguta,Least Concern,https://s2r.iucnredlist.org/sis2_images/1137760391.jpg
Eastern Four-Lined Ratsnake,Elaphe sauromates,Least Concern,https://s2r.iucnredlist.org/sis2_images/1095060925.jpg
Coin-marked Snake,Hemorrhois nummifer,Least Concern,https://s2r.iucnredlist.org/sis2_images/890645150.jpg
Spotted Toadhead Agama,Phrynocephalus guttatus,Least Concern,https://s2r.iucnredlist.org/sis2_images/499555555.jpg
Smooth Snake,Coronella austriaca,Least Concern,https://s2r.iucnredlist.org/sis2_images/431816762.jpg
Spotted Whip Snake,Hemorrhois ravergieri,Least Concern,https://s2r.iucnredlist.org/sis2_images/1921509224.jpg
Central Asian Racerunner,Eremias velox,Least Concern,https://s2r.iucnredlist.org/sis2_images/1736885032.jpg
Dolichophis jugularis,Dolichophis jugularis,Least Concern,https://s2r.iucnredlist.org/sis2_images/2022313436.jpg
Keeled Box Turtle,Cuora mouhotii,Endangered,https://s2r.iucnredlist.org/sis2_images/643747773.jpg
Leopard Tortoise,Stigmochelys pardalis,Least Concern,https://s2r.iucnredlist.org/sis2_images/43434386.jpg
Southern Even-fingered Gecko,Alsophylax laevis,Critically Endangered,https://s2r.iucnredlist.org/sis2_images/487963045.jpg
Arabian Horned Viper,Cerastes gasperettii,Least Concern,https://s2r.iucnredlist.org/sis2_images/1045734876.jpg
Keyserling's Wonder Gecko,Teratoscincus keyserlingii,Least Concern,https://s2r.iucnredlist.org/sis2_images/c3C3mjBk-D5s39r-dmz.jpg
Zarudnyi's Worm Lizard,Diplometopon zarudnyi,Least Concern,https://s2r.iucnredlist.org/sis2_images/94496214.jpg
Arabian Sandfish,Scincus mitranus,Least Concern,https://s2r.iucnredlist.org/sis2_images/cJh9TjFD-D5wRnd-St.jpg
Acanthodactylus opheodurus,Acanthodactylus opheodurus,Least Concern,https://s2r.iucnredlist.org/sis2_images/CSTSdMWF-D5sGfZ-dcr.jpg
Rock Semaphore Gecko,Pristurus rupestris,Least Concern,https://s2r.iucnredlist.org/sis2_images/QxGQGDwr-D6DbkJ-c39.jpg
Acanthodactylus schmidti,Acanthodactylus schmidti,Least Concern,https://s2r.iucnredlist.org/sis2_images/833214103.jpg
Gulf Short-fingered Gecko,Pseudoceramodactylus khobarensis,Least Concern,https://s2r.iucnredlist.org/sis2_images/f1KjxdFl-D5sf2V-dcP.jpg
Arabian Sand Boa,Eryx jayakari,Least Concern,https://s2r.iucnredlist.org/sis2_images/csqBtj8N-D7dW9T-t1W.jpg
Common Leaf-nosed Snake,Lytorhynchus diadema,Least Concern,https://s2r.iucnredlist.org/sis2_images/644248758.jpg
Southern New Guinea Giant Softshell Turtle,Pelochelys bibroni,Vulnerable,https://s2r.iucnredlist.org/sis2_images/nQj4K3lk-D86G1n-sNm.jpg
Loxocemus bicolor,Loxocemus bicolor,Least Concern,https://s2r.iucnredlist.org/sis2_images/144082850.jpg
Hoge’s Side-necked Turtle,Mesoclemmys hogei,Critically Endangered,https://s2r.iucnredlist.org/sis2_images/1614356015.jpg
Williams' Side-necked Turtle,Phrynops williamsi,Vulnerable,https://s2r.iucnredlist.org/sis2_images/mfpWBsn6-D4CNrx-F6F.jpg
Giant East Usambara Blade-horned Chameleon,Kinyongia matschiei,Endangered,https://s2r.iucnredlist.org/sis2_images/729635991.jpg
Usambara Flap-nosed Chameleon,Kinyongia tenuis,Endangered,https://s2r.iucnredlist.org/sis2_images/122003369.jpg
West Usambara Blade-horned Chameleon,Kinyongia multituberculata,Endangered,https://s2r.iucnredlist.org/sis2_images/886772540.jpg
Phipson's Earth Snake,Uropeltis phipsonii,Vulnerable,https://s2r.iucnredlist.org/sis2_images/1962443900.jpg
Indian Kangaroo Lizard,Otocryptis beddomii,Endangered,https://s2r.iucnredlist.org/sis2_images/1388798614.jpg
Fiji Banded Iguana,Brachylophus bulabula,Endangered,https://s2r.iucnredlist.org/sis2_images/837355290.jpg
Galápagos Pink Land Iguana,Conolophus marthae,Critically Endangered,https://s2r.iucnredlist.org/sis2_images/conolophus-marthae.jpg
Veracruz Spiny-tailed Iguana,Ctenosaura acanthura,Least Concern,https://s2r.iucnredlist.org/sis2_images/DBRp7t3X-dcqhs4-Djv.jpg
San Esteban Spiny-tailed Iguana,Ctenosaura conspicuosa,Vulnerable,https://s2r.iucnredlist.org/sis2_images/1045263088.jpg
Baja California Spiny-tailed Iguana,Ctenosaura hemilopha,Least Concern,https://s2r.iucnredlist.org/sis2_images/dkmkHPBb-dCtWBv-hTz.jpg
Sonoran Spiny-tailed Iguana,Ctenosaura macrolopha,Least Concern,https://s2r.iucnredlist.org/sis2_images/mpT8Hmqf-dCXn8K-KCl.jpg
Nolasco Spiny-tailed Iguana,Ctenosaura nolascensis,Vulnerable,https://s2r.iucnredlist.org/sis2_images/917308989.jpg
Guerreran Spiny-tailed Iguana,Ctenosaura pectinata,Least Concern,https://s2r.iucnredlist.org/sis2_images/JRDzJxqx-dcncmR-sx.jpg
Catalina Chuckwalla,Sauromalus klauberi,Vulnerable,https://s2r.iucnredlist.org/sis2_images/HCGvR5FK-D5tkN5-FJM.jpg
Piebald Chuckwalla,Sauromalus varius,Vulnerable,https://s2r.iucnredlist.org/sis2_images/KDPD6wRS-D5Vfdr-FWn.jpg
Speckled Litter Skink,Caledoniscincus atropunctatus,Least Concern,https://s2r.iucnredlist.org/sis2_images/cMvxhnMD-D8qSNB-jll.jpg
Candoia bibroni,Candoia bibroni,Least Concern,https://s2r.iucnredlist.org/sis2_images/110747642.jpg
Common African Flap-necked Chameleon,Chamaeleo dilepis,Least Concern,https://s2r.iucnredlist.org/sis2_images/2041822053.jpg
Ahaetulla prasina,Ahaetulla prasina,Least Concern,https://s2r.iucnredlist.org/sis2_images/gS8ct7qV-ddrJNz-bLX.jpg
Black And White Spitting Cobra,Naja siamensis,Vulnerable,https://s2r.iucnredlist.org/sis2_images/1242366224.jpg
King Cobra,Ophiophagus hannah,Vulnerable,https://s2r.iucnredlist.org/sis2_images/1158052842.jpg
Magdalena River Turtle,Podocnemis lewyana,Critically Endangered,https://s2r.iucnredlist.org/sis2_images/1414877844.jpg
White-lipped Tree Viper,Trimeresurus albolabris,Least Concern,https://s2r.iucnredlist.org/sis2_images/N3hdrzlG-ddrJwl-blf.jpg
Acanthodactylus haasi,Acanthodactylus haasi,Least Concern,https://s2r.iucnredlist.org/sis2_images/M9l1jSZC-D57n2k-FJv.jpg
Reticulated Python,Malayopython reticulatus,Least Concern,https://s2r.iucnredlist.org/sis2_images/900638037.jpg
Euphrates Softshell Turtle,Rafetus euphraticus,Endangered,https://s2r.iucnredlist.org/sis2_images/1966591525.jpg
Large-eyed Pit Viper,Trimeresurus macrops,Least Concern,https://s2r.iucnredlist.org/sis2_images/472627762.jpg
Small-banded Kukri Snake,Oligodon fasciolatus,Least Concern,https://s2r.iucnredlist.org/sis2_images/463039688.jpg
Mamushi,Gloydius blomhoffii,Least Concern,https://s2r.iucnredlist.org/sis2_images/1322755410.jpg
Chinese Cobra,Naja atra,Vulnerable,https://s2r.iucnredlist.org/sis2_images/45198346.jpg
Red Large-toothed Snake,Lycodon rufozonatus,Least Concern,https://s2r.iucnredlist.org/sis2_images/607517105.jpg
Mangshan Pit Viper,Protobothrops mangshanensis,Endangered,https://s2r.iucnredlist.org/sis2_images/1798975551.jpg
Keeled Slug-eating Snake,Pareas carinatus,Least Concern,https://s2r.iucnredlist.org/sis2_images/707724664.jpg
Ruby-eyed Green Pitviper,Trimeresurus rubeus,Vulnerable,https://s2r.iucnredlist.org/sis2_images/1622309313.jpg
Bowring’s Smooth Gecko,Hemidactylus bowringii,Least Concern,https://s2r.iucnredlist.org/sis2_images/1397899404.jpg
Common Desert Iguana,Dipsosaurus dorsalis,Least Concern,https://s2r.iucnredlist.org/sis2_images/DLhTNTtx-dBFQpk-GkK.jpg
Pacific Bluetail Skink,Emoia caeruleocauda,Least Concern,https://s2r.iucnredlist.org/sis2_images/1998771843.jpg
Black Emo Skink,Emoia nigra,Least Concern,https://s2r.iucnredlist.org/sis2_images/2075050268.jpg
New Guinea Ground Boa,Candoia aspera,Least Concern,https://s2r.iucnredlist.org/sis2_images/DV716FSS-ddRNSw-1h.jpg
Oceania Gecko,Gehyra oceanica,Least Concern,https://s2r.iucnredlist.org/sis2_images/1088176781.jpg
Rotuma Forest Gecko,Lepidodactylus gardineri,Vulnerable,https://s2r.iucnredlist.org/sis2_images/1659529760.jpg
Vitilevu Mountain Treeskink,Emoia campbelli,Endangered,https://s2r.iucnredlist.org/sis2_images/915010170.jpg
Samoa Skink,Emoia samoensis,Endangered,https://s2r.iucnredlist.org/sis2_images/523611625.jpg
Viti Barred Treeskink,Emoia trossula,Endangered,https://s2r.iucnredlist.org/sis2_images/1917292828.jpg
Ono-i-Lau Ground Skink,Leiolopisma alazon,Critically Endangered,https://s2r.iucnredlist.org/sis2_images/1519203861.jpg
Rennell Island Monitor,Varanus juxtindicus,Least Concern,https://s2r.iucnredlist.org/sis2_images/varanus-juxtindicus.jpg
Puerto Rico Crested Anole,Anolis cristatellus,Least Concern,https://s2r.iucnredlist.org/sis2_images/2114998604.jpg
Anolis capito,Anolis capito,Least Concern,https://s2r.iucnredlist.org/sis2_images/1100037465.jpg
Yellow-headed Gecko,Gonatodes albogularis,Least Concern,https://s2r.iucnredlist.org/sis2_images/1947585657.jpg
Mexican Parrot Snake,Leptophis mexicanus,Least Concern,https://s2r.iucnredlist.org/sis2_images/176332799.jpg
Thamnophis proximus,Thamnophis proximus,Least Concern,https://s2r.iucnredlist.org/sis2_images/886386894.jpg
Yellow-spotted Agama,Trapelus flavimaculatus,Least Concern,https://s2r.iucnredlist.org/sis2_images/1669219828.jpg
Oman Saw-scaled Viper,Echis omanensis,Least Concern,https://s2r.iucnredlist.org/sis2_images/CzqtfZDV-D5SMzf-D29.jpg
Gallagher's Gecko,Asaccus gallagheri,Least Concern,https://s2r.iucnredlist.org/sis2_images/DHj2XKfx-D5SlrR-D2M.jpg
Carter’s Semaphore Gecko,Pristurus carteri,Least Concern,https://s2r.iucnredlist.org/sis2_images/DHx89LRn-D5SMCg-D2S.jpg
Arnold's Rock Gecko,Pristurus minimus,Least Concern,https://s2r.iucnredlist.org/sis2_images/Dn4Nx4TH-D5sGQ2-dcW.jpg
Oman Rock Gecko,Pristurus celerrimus,Least Concern,https://s2r.iucnredlist.org/sis2_images/QHq0hWH6-D5sGNw-dcV.jpg
Tessellated Mabuya,Trachylepis tessellata,Least Concern,https://s2r.iucnredlist.org/sis2_images/CzrNMRDS-D5w6tC-8K.jpg
Acanthodactylus felicis,Acanthodactylus felicis,Vulnerable,https://s2r.iucnredlist.org/sis2_images/1132827689.jpg
Hadramaut Sand Lizard,Mesalina adramitana,Least Concern,https://s2r.iucnredlist.org/sis2_images/bqJSWqxB-D5SLmV-D17.jpg
Jayakar's Lizard,Omanosaura jayakari,Least Concern,https://s2r.iucnredlist.org/sis2_images/MPTkFrKj-D5SLxB-D2c.jpg
Blue-tailed Lizard,Omanosaura cyanura,Least Concern,https://s2r.iucnredlist.org/sis2_images/cbW8v0LC-D5SLRP-D19.jpg
Helmethead Gecko,Tarentola chazaliae,Vulnerable,https://s2r.iucnredlist.org/sis2_images/1589221321.jpg
Asaccus caudivolvulus,Asaccus caudivolvulus,Least Concern,https://s2r.iucnredlist.org/sis2_images/1447065648.jpg
Naja arabica,Naja arabica,Least Concern,https://s2r.iucnredlist.org/sis2_images/2031468579.jpg
Green Basilisk,Basiliscus plumifrons,Least Concern,https://s2r.iucnredlist.org/sis2_images/1718313623.jpg
Central American Lyre Snake,Trimorphodon quadruplex,Least Concern,https://s2r.iucnredlist.org/sis2_images/115719523.jpg
Stejneger's Snail Sucker,Sibon longifrenis,Least Concern,https://s2r.iucnredlist.org/sis2_images/22155834.jpg
March's Palm Pit Viper,Bothriechis marchi,Endangered,https://s2r.iucnredlist.org/sis2_images/384982531.jpg
Northern River Terrapin,Batagur baska,Critically Endangered,https://s2r.iucnredlist.org/sis2_images/batagur-baska.jpg
Mona Rhinoceros Iguana,Cyclura stejnegeri,Critically Endangered,https://s2r.iucnredlist.org/sis2_images/1124136690.jpg
Lau Banded Iguana,Brachylophus fasciatus,Endangered,https://s2r.iucnredlist.org/sis2_images/188503033.jpg
Fiji Crested Iguana,Brachylophus vitiensis,Critically Endangered,https://s2r.iucnredlist.org/sis2_images/1246530268.jpg
Pig-nosed Turtle,Carettochelys insculpta,Endangered,https://s2r.iucnredlist.org/sis2_images/881386865.jpg
Black-breasted Leaf Turtle,Geoemyda spengleri,Endangered,https://s2r.iucnredlist.org/sis2_images/DZgtqRbt-dblh3G-pzs.jpg
Arakan Forest Turtle,Heosemys depressa,Critically Endangered,https://s2r.iucnredlist.org/sis2_images/bR5DzNZw-dblhxZ-pzS.jpg
Grand Cayman Blue Iguana,Cyclura lewisi,Endangered,https://s2r.iucnredlist.org/sis2_images/1259848903.jpg
Pritchard's Snake-necked Turtle,Chelodina pritchardi,Vulnerable,https://s2r.iucnredlist.org/sis2_images/bNSSGj2h-D9NSfM-dbZ.jpg
Spectacled Caiman,Caiman crocodilus,Least Concern,https://s2r.iucnredlist.org/sis2_images/cW8mSzQP-D4lzMq-h1.jpg
Yacaré,Caiman yacare,Least Concern,https://s2r.iucnredlist.org/sis2_images/472514425.jpg
Nile Crocodile,Crocodylus niloticus,Least Concern,https://s2r.iucnredlist.org/sis2_images/1283363252.jpg
Barrington Land Iguana,Conolophus pallidus,Vulnerable,https://s2r.iucnredlist.org/sis2_images/cx8tKBMd-dCCsjN-MbH.jpg
Galápagos Land Iguana,Conolophus subcristatus,Vulnerable,https://s2r.iucnredlist.org/sis2_images/C2w12bMd-dcg98d-c9Q.jpg
Slender-snouted Crocodile,Mecistops cataphractus,Critically Endangered,https://s2r.iucnredlist.org/sis2_images/mecistops-cataphractus.jpg
Morelet's Crocodile,Crocodylus moreletii,Least Concern,https://s2r.iucnredlist.org/sis2_images/658880663.jpg
Mugger,Crocodylus palustris,Vulnerable,https://s2r.iucnredlist.org/sis2_images/2113018859.jpg
Philippine Crocodile,Crocodylus mindorensis,Critically Endangered,https://s2r.iucnredlist.org/sis2_images/crocodylus-mindorensis.jpg
Southeast Asian Box Turtle,Cuora amboinensis,Endangered,https://s2r.iucnredlist.org/sis2_images/P1LPSJNm-dbljch-pz8.jpg
Zambezi Flapshell Turtle,Cycloderma frenatum,Endangered,https://s2r.iucnredlist.org/sis2_images/1243091285.jpg
Turks and Caicos Rock Iguana,Cyclura carinata,Endangered,https://s2r.iucnredlist.org/sis2_images/814047874.jpg
Anegada Rock Iguana,Cyclura pinguis,Critically Endangered,https://s2r.iucnredlist.org/sis2_images/cyclura-pinguis.jpg
Ricord's Rock Iguana,Cyclura ricordii,Endangered,https://s2r.iucnredlist.org/sis2_images/707204779.jpg
Hispaniolan Rhinoceros Iguana,Cyclura cornuta,Endangered,https://s2r.iucnredlist.org/sis2_images/2068590061.jpg
Coluber constrictor,Coluber constrictor,Least Concern,https://s2r.iucnredlist.org/sis2_images/124114218.jpg
Chaco Side-necked Turtle,Acanthochelys pallidipectoris,Endangered,https://s2r.iucnredlist.org/sis2_images/965140417.jpg
Chinese Alligator,Alligator sinensis,Critically Endangered,https://s2r.iucnredlist.org/sis2_images/alligator-sinensis.jpg
Pinzón Giant Tortoise,Chelonoidis duncanensis,Vulnerable,https://s2r.iucnredlist.org/sis2_images/1253010296.jpg
Floreana Giant Tortoise,Chelonoidis niger,Extinct,https://s2r.iucnredlist.org/sis2_images/324954366.jpg
Sailfin Water Lizard,Hydrosaurus pustulatus,Vulnerable,https://s2r.iucnredlist.org/sis2_images/hydrosaurus-pustulatus.jpg
Olive Ridley,Lepidochelys olivacea,Vulnerable,https://s2r.iucnredlist.org/sis2_images/1736560831.jpg
Macrovipera schweizeri,Macrovipera schweizeri,Endangered,https://s2r.iucnredlist.org/sis2_images/1983393323.jpg
Impressed Tortoise,Manouria impressa,Vulnerable,https://s2r.iucnredlist.org/sis2_images/cPG4kF6q-D9rr5X-grD.jpg
Grass Snake,Natrix natrix,Lower Risk/least concern,https://s2r.iucnredlist.org/sis2_images/1823198218.jpg
Zamenis hohenackeri,Zamenis hohenackeri,Least Concern,https://s2r.iucnredlist.org/sis2_images/1612118296.jpg
Podarcis cretensis,Podarcis cretensis,Endangered,https://s2r.iucnredlist.org/sis2_images/58017349.jpg
Natrix tessellata,Natrix tessellata,Least Concern,https://s2r.iucnredlist.org/sis2_images/1447445767.jpg
Turkish Gecko,Hemidactylus turcicus,Least Concern,https://s2r.iucnredlist.org/sis2_images/590420009.jpg
Malpolon monspessulanus,Malpolon monspessulanus,Least Concern,https://s2r.iucnredlist.org/sis2_images/221966886.jpg
Platyceps najadum,Platyceps najadum,Least Concern,https://s2r.iucnredlist.org/sis2_images/809816700.jpg
Sand Lizard,Lacerta agilis,Least Concern,https://s2r.iucnredlist.org/sis2_images/396819937.jpg
Tyrrhenian Wall Lizard,Podarcis tiliguerta,Least Concern,https://s2r.iucnredlist.org/sis2_images/1124449066.jpg
African Spurred Tortoise,Centrochelys sulcata,Vulnerable,https://s2r.iucnredlist.org/sis2_images/bWDPkJtZ-dd2gkH-K3t.jpg
Persian Horned Viper,Pseudocerastes persicus,Least Concern,https://s2r.iucnredlist.org/sis2_images/kzMkKlRg-D5SM4q-D3B.jpg
Baluch Ground Gecko,Bunopus tuberculatus,Least Concern,https://s2r.iucnredlist.org/sis2_images/1069827014.jpg
Mesalina brevirostris,Mesalina brevirostris,Least Concern,https://s2r.iucnredlist.org/sis2_images/DTLwcZ7f-D57nW3-FJs.jpg
Varanus mabitang,Varanus mabitang,Endangered,https://s2r.iucnredlist.org/sis2_images/varanus-mabitang.jpg
Phoboscincus bocourti,Phoboscincus bocourti,Endangered,https://s2r.iucnredlist.org/sis2_images/K1NjppRs-D8TlWC-lx5.jpg
Furcifer willsii,Furcifer willsii,Least Concern,https://s2r.iucnredlist.org/sis2_images/1590330979.jpg
Brown Leaf Chameleon,Brookesia superciliaris,Least Concern,https://s2r.iucnredlist.org/sis2_images/brookesia-superciliaris.jpg
Short-nosed Chameleon,Calumma gastrotaenia,Least Concern,https://s2r.iucnredlist.org/sis2_images/887803923.jpg
Bizarre-nosed Chameleon,Calumma hafahafa,Critically Endangered,https://s2r.iucnredlist.org/sis2_images/958014516.jpg
Uroplatus sikorae,Uroplatus sikorae,Least Concern,https://s2r.iucnredlist.org/sis2_images/1644965128.jpg
Lined Day Gecko,Phelsuma lineata,Least Concern,https://s2r.iucnredlist.org/sis2_images/1972655.jpg
Nose-horned Chameleon,Calumma nasutum,Least Concern,https://s2r.iucnredlist.org/sis2_images/calumma-nasutum.jpg
Angel's Chameleon,Furcifer angeli,Least Concern,https://s2r.iucnredlist.org/sis2_images/furcifer-angeli.jpg
Hemidactylus mercatorius,Hemidactylus mercatorius,Least Concern,https://s2r.iucnredlist.org/sis2_images/1806090896.jpg
Short-horned Chameleon,Calumma brevicorne,Least Concern,https://s2r.iucnredlist.org/sis2_images/1777883016.jpg
Navassa Rhinoceros Iguana,Cyclura onchiopsis,Extinct,https://s2r.iucnredlist.org/sis2_images/1904496172.jpg
Hemidactylus frenatus,Hemidactylus frenatus,Least Concern,https://s2r.iucnredlist.org/sis2_images/1249466440.jpg
Tropidoscincus boreus,Tropidoscincus boreus,Least Concern,https://s2r.iucnredlist.org/sis2_images/D2K8STs4-D8TmhS-l1K.jpg
Knob-headed Giant Gecko,Rhacodactylus auriculatus,Least Concern,https://s2r.iucnredlist.org/sis2_images/DPwQ7bZq-D8hCxV-cDr.jpg
Marmorosphax montana,Marmorosphax montana,Vulnerable,https://s2r.iucnredlist.org/sis2_images/CBVW87B7-D8sZhN-lJP.jpg
Pindai Dwarf Skink,Nannoscincus hanchisteus,Critically Endangered,https://s2r.iucnredlist.org/sis2_images/dL749nVL-D8s18V-lLV.jpg
Gracile Dwarf Skink,Nannoscincus gracilis,Vulnerable,https://s2r.iucnredlist.org/sis2_images/D0Q47Z4n-D8sz9W-lkW.jpg
Large-scaled chameleon gecko,Eurydactylodes symmetricus,Endangered,https://s2r.iucnredlist.org/sis2_images/cJKsqrHV-D8hbLt-cc6.jpg
Nannoscincus slevini,Nannoscincus slevini,Endangered,https://s2r.iucnredlist.org/sis2_images/br15xQmb-D8s3dN-llw.jpg
Southern pale-hipped skink,Celatiscincus euryotis,Endangered,https://s2r.iucnredlist.org/sis2_images/bl1gDCRp-D8RfRN-jxD.jpg
Lioscincus vivae,Lioscincus vivae,Critically Endangered,https://s2r.iucnredlist.org/sis2_images/CrlXVXfL-D8sW6s-lHp.jpg
Nannoscincus garrulus,Nannoscincus garrulus,Endangered,https://s2r.iucnredlist.org/sis2_images/D4FnD9FM-D8szTK-lkp.jpg
Giant Litter Skink,Caledoniscincus festivus,Least Concern,https://s2r.iucnredlist.org/sis2_images/lFnsGSlj-D8qtLc-jmp.jpg
Earless Dwarf Skink,Nannoscincus mariei,Vulnerable,https://s2r.iucnredlist.org/sis2_images/pNnwSP0D-D8s2X1-llL.jpg
Nannoscincus manautei,Nannoscincus manautei,Critically Endangered,https://s2r.iucnredlist.org/sis2_images/C0RGCjW0-D8s2SV-llJ.jpg
Taom Striped Gecko,Dierogekko thomaswhitei,Critically Endangered,https://s2r.iucnredlist.org/sis2_images/Dtn95kSg-D8hBRW-cC2.jpg
Panié Litter Skink,Caledoniscincus orestes,Endangered,https://s2r.iucnredlist.org/sis2_images/Cl5J2PP6-D8qtrT-jmV.jpg
New Caledonian Leopard Skink,Lacertoides pardalis,Vulnerable,https://s2r.iucnredlist.org/sis2_images/1883390886.jpg
Dierogekko inexpectatus,Dierogekko inexpectatus,Critically Endangered,https://s2r.iucnredlist.org/sis2_images/1999907683.jpg
Striped Gekko,Dierogekko nehoueensis,Critically Endangered,https://s2r.iucnredlist.org/sis2_images/cqC4Lb8k-D8hBkB-cCt.jpg
Kanakysaurus viviparus,Kanakysaurus viviparus,Endangered,https://s2r.iucnredlist.org/sis2_images/b2g8bT3X-D8sWC8-lgS.jpg
Southern Whiptailed Skink,Tropidoscincus variabilis,Least Concern,https://s2r.iucnredlist.org/sis2_images/c8fQG6BV-D8Tmmq-l1T.jpg
Nannoscincus rankini,Nannoscincus rankini,Vulnerable,https://s2r.iucnredlist.org/sis2_images/ckppTzRF-D8s24F-llS.jpg
Rhacodactylus leachianus,Rhacodactylus leachianus,Least Concern,https://s2r.iucnredlist.org/sis2_images/P20dKbCs-D8hC2w-cDs.jpg
Marble-throated Skink,Marmorosphax tricolor,Least Concern,https://s2r.iucnredlist.org/sis2_images/VJ6Mp2vs-D8sZ5K-lK5.jpg
Marbled Gecko,Oedodera marmorata,Critically Endangered,https://s2r.iucnredlist.org/sis2_images/bZp4kCCh-D8hb6M-cDh.jpg
Nannoscincus greeri,Nannoscincus greeri,Endangered,https://s2r.iucnredlist.org/sis2_images/C0G5xXmG-D8s1ST-lLj.jpg
Renevier's Litter Skink,Caledoniscincus renevieri,Endangered,https://s2r.iucnredlist.org/sis2_images/crc0hMTr-D8qVfg-jm8.jpg
Northern Pale-hipped Skink,Celatiscincus similis,Endangered,https://s2r.iucnredlist.org/sis2_images/1127737206.jpg
Koumac Litter Skink,Caledoniscincus auratus,Endangered,https://s2r.iucnredlist.org/sis2_images/C6B5FJZw-D8qscc-jMs.jpg
Aubrey's Whiptailed Skink,Tropidoscincus aubrianus,Vulnerable,https://s2r.iucnredlist.org/sis2_images/CXFpMx14-D8Tmbw-l1B.jpg
Strand Litter Skink,Caledoniscincus haplorhinus,Least Concern,https://s2r.iucnredlist.org/sis2_images/cw7RVmF7-D8qtPz-jmT.jpg
Graciliscincus shonae,Graciliscincus shonae,Vulnerable,https://s2r.iucnredlist.org/sis2_images/1715794429.jpg
Orange-bellied Burrowing Skink,Simiscincus aurantiacus,Vulnerable,https://s2r.iucnredlist.org/sis2_images/khgj9XMW-D8TMv2-lzx.jpg
Bold-striped Gecko,Dierogekko validiclavis,Endangered,https://s2r.iucnredlist.org/sis2_images/DTTmWncW-D8hBVd-cC4.jpg
Loyalty Islands Emoia,Emoia loyaltiensis,Vulnerable,https://s2r.iucnredlist.org/sis2_images/jpDHwWjl-D8RGbk-jxl.jpg
Phoboscincus garnieri,Phoboscincus garnieri,Least Concern,https://s2r.iucnredlist.org/sis2_images/CgVMvm2J-D8Tl9J-lZK.jpg
Eurydactylodes occidentalis,Eurydactylodes occidentalis,Critically Endangered,https://s2r.iucnredlist.org/sis2_images/1263252280.jpg
Common Litter Skink,Caledoniscincus austrocaledonicus,Least Concern,https://s2r.iucnredlist.org/sis2_images/Cpg5Lhgw-D8qsn5-jMw.jpg
New Caledonian Shore Skink,Cryptoblepharus novocaledonicus,Least Concern,https://s2r.iucnredlist.org/sis2_images/QLcnTvhC-D8Rf54-jxk.jpg
Mandjélia litter skink,Caledoniscincus terma,Vulnerable,https://s2r.iucnredlist.org/sis2_images/DBwVmHzF-D8qVjq-jm0.jpg
White-lipped Forest Skink,Lioscincus steindachneri,Endangered,https://s2r.iucnredlist.org/sis2_images/CX8ghggm-D8sWvX-lHg.jpg
Amblyodipsas ventrimaculata,Amblyodipsas ventrimaculata,Least Concern,https://s2r.iucnredlist.org/sis2_images/CkTjWC8M-D3TFDW-g1S.jpg
Brookesia stumpffi,Brookesia stumpffi,Least Concern,https://s2r.iucnredlist.org/sis2_images/brookesia-stumpffi.jpg
Namaqua Chameleon,Chamaeleo namaquensis,Least Concern,https://s2r.iucnredlist.org/sis2_images/1812656667.jpg
Sail Backed Chameleon,Trioceros cristatus,Least Concern,https://s2r.iucnredlist.org/sis2_images/1990725869.jpg
Western Pygmy Chameleon,Rhampholeon spectrum,Least Concern,https://s2r.iucnredlist.org/sis2_images/500796144.jpg
Ijima's Sea Snake,Emydocephalus ijimae,Least Concern,https://s2r.iucnredlist.org/sis2_images/1614820120.jpg
Leaf-scaled Sea Snake,Aipysurus foliosquama,Critically Endangered,https://s2r.iucnredlist.org/sis2_images/aipysurus-foliosquama.jpg
Yellow Sea Snake,Hydrophis spiralis,Least Concern,https://s2r.iucnredlist.org/sis2_images/dkHBKSXP-D679Jv-Rzg.jpg
Turtleheaded Sea Snake,Emydocephalus annulatus,Least Concern,https://s2r.iucnredlist.org/sis2_images/emydocephalus-annulatus.jpg
Annulated Sea Snake,Hydrophis cyanocinctus,Least Concern,https://s2r.iucnredlist.org/sis2_images/DmJ2NPj3-D66Rdv-RGD.png
Ornate Reef Sea Snake,Hydrophis ornatus,Least Concern,https://s2r.iucnredlist.org/sis2_images/cdsNt3R2-D66Rlz-RGR.png
Laticauda schistorhynchus,Laticauda schistorhynchus,Vulnerable,https://s2r.iucnredlist.org/sis2_images/laticauda-schistorhyncha.jpg
Slender-necked Sea Snake,Hydrophis coggeri,Least Concern,https://s2r.iucnredlist.org/sis2_images/1563169615.jpg
Laticauda colubrina,Laticauda colubrina,Least Concern,https://s2r.iucnredlist.org/sis2_images/624175161.jpg
Graceful Small-headed Seasnake,Hydrophis gracilis,Least Concern,https://s2r.iucnredlist.org/sis2_images/bkRHfhMF-D7Lh7G-bLX.jpg
Peters' Bright Snake,Liophidium mayottensis,Endangered,https://s2r.iucnredlist.org/sis2_images/876406703.jpg
Cordylus rivae,Cordylus rivae,Least Concern,https://s2r.iucnredlist.org/sis2_images/1646630952.jpg
Podarcis filfolensis,Podarcis filfolensis,Least Concern,https://s2r.iucnredlist.org/sis2_images/331381443.jpg
Lilford's Wall Lizard,Podarcis lilfordi,Endangered,https://s2r.iucnredlist.org/sis2_images/podarcis-lilfordi.jpg
Podarcis milensis,Podarcis milensis,Vulnerable,https://s2r.iucnredlist.org/sis2_images/193926189.jpg
Protobothrops mucrosquamatus,Protobothrops mucrosquamatus,Least Concern,https://s2r.iucnredlist.org/sis2_images/327100826.jpg
Scincella vandenburghi,Scincella vandenburghi,Least Concern,https://s2r.iucnredlist.org/sis2_images/228845099.jpg
Bitis peringueyi,Bitis peringueyi,Least Concern,https://s2r.iucnredlist.org/sis2_images/bitis-peringueyi.jpg
Calumma tarzan,Calumma tarzan,Critically Endangered,https://s2r.iucnredlist.org/sis2_images/calumma-tarzan.jpg
Madagascar Tree Boa,Sanzinia madagascariensis,Least Concern,https://s2r.iucnredlist.org/sis2_images/510664269.jpg
Island Day Gecko,Phelsuma nigristriata,Vulnerable,https://s2r.iucnredlist.org/sis2_images/1501691242.jpg
Common Tortoise,Testudo graeca,Vulnerable,https://s2r.iucnredlist.org/sis2_images/1440058917.jpg
Testudo kleinmanni,Testudo kleinmanni,Critically Endangered,https://s2r.iucnredlist.org/sis2_images/testudo-kleinmanni.jpg
Giant Garter Snake,Thamnophis gigas,Vulnerable,https://s2r.iucnredlist.org/sis2_images/thamnophis-gigas.jpg
Uma inornata,Uma inornata,Endangered,https://s2r.iucnredlist.org/sis2_images/279851112.jpg
Komodo Dragon,Varanus komodoensis,Vulnerable,https://s2r.iucnredlist.org/sis2_images/varanus-komodoensis.jpg
Travancore Tortoise,Indotestudo travancorica,Vulnerable,https://s2r.iucnredlist.org/sis2_images/676141551.jpg
Gambelia sila,Gambelia sila,Endangered,https://s2r.iucnredlist.org/sis2_images/2116305230.jpg
Elgaria panamintina,Elgaria panamintina,Vulnerable,https://s2r.iucnredlist.org/sis2_images/406610551.jpg
Balsas Spiny-tailed Iguana,Ctenosaura clarki,Vulnerable,https://s2r.iucnredlist.org/sis2_images/924760883.jpg
Green Turtle,Chelonia mydas,Endangered,https://s2r.iucnredlist.org/sis2_images/chelonia-mydas.jpg
Jamaican Iguana,Cyclura collei,Critically Endangered,https://s2r.iucnredlist.org/sis2_images/cyclura-collei.jpg
Clouded Rock Iguana,Cyclura nubila,Vulnerable,https://s2r.iucnredlist.org/sis2_images/1000591786.jpg
Acanthodactylus erythrurus,Acanthodactylus erythrurus,Least Concern,https://s2r.iucnredlist.org/sis2_images/620465495.jpg
Chalcides chalcides,Chalcides chalcides,Least Concern,https://s2r.iucnredlist.org/sis2_images/132689817.jpg
Lycognathophis seychellensis,Lycognathophis seychellensis,Endangered,https://s2r.iucnredlist.org/sis2_images/1936876653.jpg
Seychelles Bronze Gecko,Ailuronyx seychellensis,Least Concern,https://s2r.iucnredlist.org/sis2_images/827345931.jpg
Ailuronyx trachygaster,Ailuronyx trachygaster,Vulnerable,https://s2r.iucnredlist.org/sis2_images/ailuronyx-trachygaster.jpg
Phelsuma abbotti,Phelsuma abbotti,Least Concern,https://s2r.iucnredlist.org/sis2_images/2113294975.jpg
Phelsuma astriata,Phelsuma astriata,Least Concern,https://s2r.iucnredlist.org/sis2_images/964612632.jpg
Phelsuma sundbergi,Phelsuma sundbergi,Least Concern,https://s2r.iucnredlist.org/sis2_images/1577463995.jpg
Zonosaurus madagascariensis,Zonosaurus madagascariensis,Least Concern,https://s2r.iucnredlist.org/sis2_images/2091882708.jpg
Brauer's Burrowing Skink,Janetaescincus braueri,Endangered,https://s2r.iucnredlist.org/sis2_images/1505398815.jpg
Vesey-Fitzgerald's Burrowing Skink,Janetaescincus veseyfitzgeraldi,Endangered,https://s2r.iucnredlist.org/sis2_images/669232186.jpg
Pamelaescincus gardineri,Pamelaescincus gardineri,Least Concern,https://s2r.iucnredlist.org/sis2_images/1393643761.jpg
Iberolacerta monticola,Iberolacerta monticola,Vulnerable,https://s2r.iucnredlist.org/sis2_images/858078208.jpg
Algyroides fitzingeri,Algyroides fitzingeri,Least Concern,https://s2r.iucnredlist.org/sis2_images/2137824034.jpg
Algyroides nigropunctatus,Algyroides nigropunctatus,Least Concern,https://s2r.iucnredlist.org/sis2_images/1281796041.jpg
Blanus cinereus,Blanus cinereus,Least Concern,https://s2r.iucnredlist.org/sis2_images/554131751.jpg
Psammodromus hispanicus,Psammodromus hispanicus,Least Concern,https://s2r.iucnredlist.org/sis2_images/281595303.jpg
La Gomera Giant Lizard,Gallotia bravoana,Critically Endangered,https://s2r.iucnredlist.org/sis2_images/gallotia-bravoana.jpg
Gallotia caesaris,Gallotia caesaris,Least Concern,https://s2r.iucnredlist.org/sis2_images/DVHS6CnL-dBqpqs-n96.jpg
Gallotia galloti,Gallotia galloti,Least Concern,https://s2r.iucnredlist.org/sis2_images/974791822.jpg
Tenerife Speckled Lizard,Gallotia intermedia,Critically Endangered,https://s2r.iucnredlist.org/sis2_images/mJhmQJpD-dBqprx-n97.jpg
Hemorrhois hippocrepis,Hemorrhois hippocrepis,Least Concern,https://s2r.iucnredlist.org/sis2_images/883972137.jpg
Hierophis gemonensis,Hierophis gemonensis,Least Concern,https://s2r.iucnredlist.org/sis2_images/1770056517.jpg
Iberolacerta aurelioi,Iberolacerta aurelioi,Endangered,https://s2r.iucnredlist.org/sis2_images/841597327.jpg
Iberolacerta cyreni,Iberolacerta cyreni,Endangered,https://s2r.iucnredlist.org/sis2_images/873900911.jpg
Lacerta bilineata,Lacerta bilineata,Least Concern,https://s2r.iucnredlist.org/sis2_images/1754206394.jpg
Trogonophis wiegmanni,Trogonophis wiegmanni,Least Concern,https://s2r.iucnredlist.org/sis2_images/1007408779.jpg
Vipera aspis,Vipera aspis,Least Concern,https://s2r.iucnredlist.org/sis2_images/573635042.jpg
Vipera latastei,Vipera latastei,Vulnerable,https://s2r.iucnredlist.org/sis2_images/1611547705.jpg
Dinarolacerta mosorensis,Dinarolacerta mosorensis,Vulnerable,https://s2r.iucnredlist.org/sis2_images/1852142730.jpg
Anatololacerta oertzeni,Anatololacerta oertzeni,Least Concern,https://s2r.iucnredlist.org/sis2_images/870453915.jpg
Vipera seoanei,Vipera seoanei,Least Concern,https://s2r.iucnredlist.org/sis2_images/1117122382.jpg
Dalmatolacerta oxycephala,Dalmatolacerta oxycephala,Least Concern,https://s2r.iucnredlist.org/sis2_images/1795908826.jpg
Lacerta trilineata,Lacerta trilineata,Least Concern,https://s2r.iucnredlist.org/sis2_images/32462728.jpg
Lacerta viridis,Lacerta viridis,Least Concern,https://s2r.iucnredlist.org/sis2_images/1143063415.jpg
Macroprotodon cucullatus,Macroprotodon cucullatus,Least Concern,https://s2r.iucnredlist.org/sis2_images/1172843144.jpg
Natrix maura,Natrix maura,Least Concern,https://s2r.iucnredlist.org/sis2_images/1085242166.jpg
Podarcis bocagei,Podarcis bocagei,Least Concern,https://s2r.iucnredlist.org/sis2_images/875054625.jpg
Podarcis carbonelli,Podarcis carbonelli,Endangered,https://s2r.iucnredlist.org/sis2_images/938899956.jpg
Podarcis erhardii,Podarcis erhardii,Least Concern,https://s2r.iucnredlist.org/sis2_images/237149143.jpg
Iberian Wall Lizard,Podarcis hispanicus,Least Concern,https://s2r.iucnredlist.org/sis2_images/1647650114.jpg
Podarcis melisellensis,Podarcis melisellensis,Least Concern,https://s2r.iucnredlist.org/sis2_images/925872661.jpg
Podarcis muralis,Podarcis muralis,Least Concern,https://s2r.iucnredlist.org/sis2_images/9883002.jpg
Podarcis peloponnesiacus,Podarcis peloponnesiacus,Least Concern,https://s2r.iucnredlist.org/sis2_images/868148842.jpg
Podarcis tauricus,Podarcis tauricus,Least Concern,https://s2r.iucnredlist.org/sis2_images/1867322571.jpg
Rhinechis scalaris,Rhinechis scalaris,Least Concern,https://s2r.iucnredlist.org/sis2_images/1032661253.jpg
Saurodactylus mauritanicus,Saurodactylus mauritanicus,Least Concern,https://s2r.iucnredlist.org/sis2_images/1234618329.jpg
Nerodia sipedon,Nerodia sipedon,Least Concern,https://s2r.iucnredlist.org/sis2_images/1434076953.jpg
Vipera ammodytes,Vipera ammodytes,Least Concern,https://s2r.iucnredlist.org/sis2_images/1275269505.jpg
Carphophis amoenus,Carphophis amoenus,Least Concern,https://s2r.iucnredlist.org/sis2_images/1936473912.jpg
Common Chuckwalla,Sauromalus ater,Least Concern,https://s2r.iucnredlist.org/sis2_images/2085157066.jpg
Phrynosoma hernandesi,Phrynosoma hernandesi,Least Concern,https://s2r.iucnredlist.org/sis2_images/1102878946.jpg
Plestiodon fasciatus,Plestiodon fasciatus,Least Concern,https://s2r.iucnredlist.org/sis2_images/852713703.jpg
Crotalus catalinensis,Crotalus catalinensis,Critically Endangered,https://s2r.iucnredlist.org/sis2_images/crotalus-catalinensis.jpg
Crotalus horridus,Crotalus horridus,Least Concern,https://s2r.iucnredlist.org/sis2_images/crotalus-horridus.jpg
Hawksbill Turtle,Eretmochelys imbricata,Critically Endangered,https://s2r.iucnredlist.org/sis2_images/eretmochelys-imbricata.jpg
Radiated Tortoise,Astrochelys radiata,Critically Endangered,https://s2r.iucnredlist.org/sis2_images/347491120.jpg
Ploughshare Tortoise,Astrochelys yniphora,Critically Endangered,https://s2r.iucnredlist.org/sis2_images/astrochelys-yniphora.jpg
Mojave Desert Tortoise,Gopherus agassizii,Vulnerable,https://s2r.iucnredlist.org/sis2_images/1935547939.jpg
Malagasy Ground Boa,Acrantophis madagascariensis,Least Concern,https://s2r.iucnredlist.org/sis2_images/qpJQQz04-dctkfL-gnn.jpg
Spanish Algyroides,Algyroides marchi,Endangered,https://s2r.iucnredlist.org/sis2_images/1625346581.jpg
Tornier's Cat Snake,Crotaphopeltis tornieri,Least Concern,https://s2r.iucnredlist.org/sis2_images/939806558.jpg
Black-chested Spiny-tailed Iguana,Ctenosaura melanosterna,Endangered,https://s2r.iucnredlist.org/sis2_images/1819875654.jpg
Serpent Island Night Gecko,Nactus serpensinsula,Vulnerable,https://s2r.iucnredlist.org/sis2_images/CjS4FFwG-D5pBGh-CRZ.jpg
Durrell's Night Gecko,Nactus durrellorum,Vulnerable,https://s2r.iucnredlist.org/sis2_images/CP3r0B71-D5qBTg-cKJ.jpg
Green Bush Viper,Atheris chlorechis,Least Concern,https://s2r.iucnredlist.org/sis2_images/1055582258.png
Banded Ground Gecko,Goniurosaurus splendens,Endangered,https://s2r.iucnredlist.org/sis2_images/hDj0j7rL-D23h95-C2s.jpg
Toyama's Ground Gecko,Goniurosaurus toyami,Critically Endangered,https://s2r.iucnredlist.org/sis2_images/1671562140.jpg
Culebra Giant Anole,Anolis roosevelti,Critically Endangered,https://s2r.iucnredlist.org/sis2_images/1016119615.jpg
Finca Ceres Anole,Anolis juangundlachi,Critically Endangered,https://s2r.iucnredlist.org/sis2_images/183476582.jpg
Green Anole,Anolis carolinensis,Least Concern,https://s2r.iucnredlist.org/sis2_images/519778265.jpg
Proboscis Anole,Anolis proboscis,Endangered,https://s2r.iucnredlist.org/sis2_images/866911203.jpg
Common Keelback,Tropidonophis mairii,Least Concern,https://s2r.iucnredlist.org/sis2_images/1732826812.jpg
Carpet Python,Morelia spilota,Least Concern,https://s2r.iucnredlist.org/sis2_images/812183991.jpg
Green Tree Python,Morelia viridis,Least Concern,https://s2r.iucnredlist.org/sis2_images/1364756194.jpg
Crocodile Monitor,Varanus salvadorii,Least Concern,https://s2r.iucnredlist.org/sis2_images/bvRKTSRb-dbW92d-dW6.jpg
Leatherback,Dermochelys coriacea,Vulnerable,https://s2r.iucnredlist.org/sis2_images/dermochelys-coriacea.jpg
Ashe's Bush Viper,Atheris desaixi,Endangered,https://s2r.iucnredlist.org/sis2_images/g02qJFsD-db54vC-h7v.jpg
Puerto Rican Skink,Spondylurus nitidus,Endangered,https://s2r.iucnredlist.org/sis2_images/376798408.jpg
Loo-Choo Big-tooth Snake,Lycodon semicarinatus,Least Concern,https://s2r.iucnredlist.org/sis2_images/1288076961.jpg
Spiny-sided Chameleon,Trioceros laterispinis,Endangered,https://s2r.iucnredlist.org/sis2_images/246788183.jpg
Japanese Ratsnake,Elaphe climacophora,Least Concern,https://s2r.iucnredlist.org/sis2_images/771798606.jpg
Japanese Four-lined Ratsnake,Elaphe quadrivirgata,Least Concern,https://s2r.iucnredlist.org/sis2_images/940405081.jpg
Japanese Woodsnake,Euprepiophis conspicillata,Least Concern,https://s2r.iucnredlist.org/sis2_images/1564997003.jpg
Sunwatcher,Phrynocephalus helioscopus,Least Concern,https://s2r.iucnredlist.org/sis2_images/1508687646.jpg
Oriental Odd-tooth Snake,Lycodon orientalis,Least Concern,https://s2r.iucnredlist.org/sis2_images/458698716.jpg
Lycodon multifasciatus,Lycodon multifasciatus,Least Concern,https://s2r.iucnredlist.org/sis2_images/2124971488.jpg
Aesculapian Ratsnake,Zamenis longissimus,Least Concern,https://s2r.iucnredlist.org/sis2_images/634594757.jpg
Viviparous Lizard,Zootoca vivipara,Least Concern,https://s2r.iucnredlist.org/sis2_images/1059357543.jpg
Tiger Chameleon,Archaius tigris,Endangered,https://s2r.iucnredlist.org/sis2_images/archaius-tigris.jpg
Chilean Tree Iguana,Liolaemus chiliensis,Least Concern,https://s2r.iucnredlist.org/sis2_images/373518545.jpg
Chinese Crocodile Lizard,Shinisaurus crocodilurus,Endangered,https://s2r.iucnredlist.org/sis2_images/266517918.jpg
Lygophis elegantissimus,Lygophis elegantissimus,Vulnerable,https://s2r.iucnredlist.org/sis2_images/DkxvxGlT-D8s32m-lMJ.jpg
Common Wall Gecko,Tarentola mauritanica,Least Concern,https://s2r.iucnredlist.org/sis2_images/13617694.jpg
Pinta Giant Tortoise,Chelonoidis abingdonii,Extinct,https://s2r.iucnredlist.org/sis2_images/chelonoidis-(nigra)-abingdonii.jpg
California Kingsnake,Lampropeltis californiae,Least Concern,https://s2r.iucnredlist.org/sis2_images/C8tWgftP-dDgLmm-nD.jpg
Antiguan Racer,Alsophis antiguae,Critically Endangered,https://s2r.iucnredlist.org/sis2_images/alsophis-antiguae.jpg
Common Spiny-tailed Iguana,Ctenosaura similis,Least Concern,https://s2r.iucnredlist.org/sis2_images/925231151.jpg
Emerald Anole,Anolis evermanni,Least Concern,https://s2r.iucnredlist.org/sis2_images/cTPFzb36-D0gMhN-s62.jpg
Wolf Volcano Giant Tortoise,Chelonoidis becki,Vulnerable,https://s2r.iucnredlist.org/sis2_images/1788364619.jpg
San Cristóbal Giant Tortoise,Chelonoidis chathamensis,Endangered,https://s2r.iucnredlist.org/sis2_images/682726315.jpg
Santiago Giant Tortoise,Chelonoidis darwini,Critically Endangered,https://s2r.iucnredlist.org/sis2_images/683790454.jpg
Española Giant Tortoise,Chelonoidis hoodensis,Critically Endangered,https://s2r.iucnredlist.org/sis2_images/1955744713.jpg
Western Santa Cruz Giant Tortoise,Chelonoidis porteri,Critically Endangered,https://s2r.iucnredlist.org/sis2_images/1627112985.jpg
Christmas Island Chained Gecko,Lepidodactylus listeri,Extinct in the Wild,https://s2r.iucnredlist.org/sis2_images/c6ZKvs8F-D27pCc-DpX.jpg
Grassland Earless Dragon,Tympanocryptis pinguicolla,Endangered,https://s2r.iucnredlist.org/sis2_images/C28sMjcW-D5R5GM-DgJ.jpg
Iberolacerta aranica,Iberolacerta aranica,Endangered,https://s2r.iucnredlist.org/sis2_images/1918446176.jpg
Limbless Skink,Ophiomorus punctatissimus,Least Concern,https://s2r.iucnredlist.org/sis2_images/1387533030.jpg
Chafarinas' Skink,Chalcides parallelus,Endangered,https://s2r.iucnredlist.org/sis2_images/chalcides-parallelus.jpg
Italian Wall Lizard,Podarcis siculus,Least Concern,https://s2r.iucnredlist.org/sis2_images/1696486397.jpg
Hierophis viridiflavus,Hierophis viridiflavus,Least Concern,https://s2r.iucnredlist.org/sis2_images/389069298.jpg
Southern Smooth Snake,Coronella girondica,Least Concern,https://s2r.iucnredlist.org/sis2_images/621839895.jpg
Podarcis vaucheri,Podarcis vaucheri,Least Concern,https://s2r.iucnredlist.org/sis2_images/1168633892.jpg
Western Three-toed Skink,Chalcides striatus,Least Concern,https://s2r.iucnredlist.org/sis2_images/303541315.jpg
Montivipera xanthina,Montivipera xanthina,Least Concern,https://s2r.iucnredlist.org/sis2_images/1637400371.jpg
Algerian Psammodromus,Psammodromus algirus,Least Concern,https://s2r.iucnredlist.org/sis2_images/129139758.jpg
Tsushima Island Pitviper,Gloydius tsushimaensis,Least Concern,https://s2r.iucnredlist.org/sis2_images/176187312.jpg
Eastern Santa Cruz Giant Tortoise,Chelonoidis donfaustoi,Critically Endangered,https://s2r.iucnredlist.org/sis2_images/241835935.jpg
Ryukyu Short-legged Skink,Ateuchosaurus pellopleurus,Least Concern,https://s2r.iucnredlist.org/sis2_images/207994288.jpg
Sakishima Green Snake,Ptyas herminae,Least Concern,https://s2r.iucnredlist.org/sis2_images/836234266.jpg
Ryukyu Green Snake,Ptyas semicarinatus,Least Concern,https://s2r.iucnredlist.org/sis2_images/1743293174.jpg
Gekko shibatai,Gekko shibatai,Vulnerable,https://s2r.iucnredlist.org/sis2_images/921021576.jpg
Gekko vertebralis,Gekko vertebralis,Least Concern,https://s2r.iucnredlist.org/sis2_images/364066895.jpg
Pryer's Keelback,Hebius pryeri,Least Concern,https://s2r.iucnredlist.org/sis2_images/969842706.jpg
Ryukyu Island Pit Viper,Ovophis okinavensis,Least Concern,https://s2r.iucnredlist.org/sis2_images/1932365183.jpg
Plestiodon japonicus,Plestiodon japonicus,Least Concern,https://s2r.iucnredlist.org/sis2_images/864501506.jpg
Elegant Pitviper,Protobothrops elegans,Least Concern,https://s2r.iucnredlist.org/sis2_images/1524754537.jpg
Habu,Protobothrops flavoviridis,Least Concern,https://s2r.iucnredlist.org/sis2_images/528748612.jpg
Boettger's Ground Skink,Scincella boettgeri,Least Concern,https://s2r.iucnredlist.org/sis2_images/2109851873.jpg
Sakishima Grass Lizard,Takydromus dorsalis,Endangered,https://s2r.iucnredlist.org/sis2_images/1264873246.jpg
Japanese Grass Lizard,Takydromus tachydromoides,Least Concern,https://s2r.iucnredlist.org/sis2_images/1239387873.jpg
Pfeffer's Reed Snake,Calamaria pfefferi,Endangered,https://s2r.iucnredlist.org/sis2_images/1495148228.jpg
Japanese Skink,Plestiodon kishinouyei,Vulnerable,https://s2r.iucnredlist.org/sis2_images/43196965.jpg
Kuroiwa's Ground Gecko,Goniurosaurus kuroiwae,Vulnerable,https://s2r.iucnredlist.org/sis2_images/2057839977.jpg
Hokou Gecko,Gekko hokouensis,Least Concern,https://s2r.iucnredlist.org/sis2_images/327105727.jpg
Miyako Grass Lizard,Takydromus toyamai,Endangered,https://s2r.iucnredlist.org/sis2_images/1737852237.jpg
Grey Burrowing Snake,Achalinus spinalis,Least Concern,https://s2r.iucnredlist.org/sis2_images/1969472486.jpg
African Softshell Turtle,Trionyx triunguis,Vulnerable,https://s2r.iucnredlist.org/sis2_images/2043037064.jpg
Western Swamp Turtle,Pseudemydura umbrina,Critically Endangered,https://s2r.iucnredlist.org/sis2_images/pseudemydura-umbrina.jpg
Alligator Snapping Turtle,Macrochelys temminckii,Vulnerable,https://s2r.iucnredlist.org/sis2_images/740318000.jpg
Painted Terrapin,Batagur borneoensis,Critically Endangered,https://s2r.iucnredlist.org/sis2_images/g5Z2Dh4w-D9rSSJ-grN.jpg
Yellow-margined Box Turtle,Cuora flavomarginata,Endangered,https://s2r.iucnredlist.org/sis2_images/1164671407.jpg
McCord's Box Turtle,Cuora mccordi,Critically Endangered,https://s2r.iucnredlist.org/sis2_images/2068462598.jpg
Yunnan Box Turtle,Cuora yunnanensis,Critically Endangered,https://s2r.iucnredlist.org/sis2_images/cuora-yunnanensis.jpg
Zhou's Box Turtle,Cuora zhoui,Critically Endangered,https://s2r.iucnredlist.org/sis2_images/280402559.jpg
Ryukyu Black-breasted Leaf Turtle,Geoemyda japonica,Endangered,https://s2r.iucnredlist.org/sis2_images/762623628.jpg
Yellow Pond Turtle,Mauremys mutica,Endangered,https://s2r.iucnredlist.org/sis2_images/1867286662.jpg
Malayan Flat-shelled Turtle,Notochelys platynota,Vulnerable,https://s2r.iucnredlist.org/sis2_images/2087748043.jpg
Black Marsh Turtle,Siebenrockiella crassicollis,Vulnerable,https://s2r.iucnredlist.org/sis2_images/1334470171.jpg
Black-bellied Hinged Terrapin,Pelusios subniger,Lower Risk/least concern,https://s2r.iucnredlist.org/sis2_images/383543312.jpg
Big-headed Turtle,Platysternon megacephalum,Endangered,https://s2r.iucnredlist.org/sis2_images/112532295.jpg
Indian Softshell Turtle,Nilssonia gangetica,Vulnerable,https://s2r.iucnredlist.org/sis2_images/583062965.jpg
Yangtze Giant Softshell Turtle,Rafetus swinhoei,Critically Endangered,https://s2r.iucnredlist.org/sis2_images/rafetus-swinhoei.jpg
Snapping Turtle,Chelydra serpentina,Least Concern,https://s2r.iucnredlist.org/sis2_images/2048828252.jpg
Dermatemys mawii,Dermatemys mawii,Critically Endangered,https://s2r.iucnredlist.org/sis2_images/dermatemys-mawii.jpg
Painted Turtle,Chrysemys picta,Least Concern,https://s2r.iucnredlist.org/sis2_images/542921057.jpg
Spotted Turtle,Clemmys guttata,Endangered,https://s2r.iucnredlist.org/sis2_images/1320044877.jpg
Wood Turtle,Glyptemys insculpta,Endangered,https://s2r.iucnredlist.org/sis2_images/85006578.jpg
Bog Turtle,Glyptemys muhlenbergii,Critically Endangered,https://s2r.iucnredlist.org/sis2_images/glyptemys-muhlenbergii.jpg
Eastern Box Turtle,Terrapene carolina,Vulnerable,https://s2r.iucnredlist.org/sis2_images/1757262388.jpg
Yellow-bellied Slider Turtle,Trachemys scripta,Least Concern,https://s2r.iucnredlist.org/sis2_images/26543963.jpg
Striped Legless Lizard,Delma impar,Endangered,https://s2r.iucnredlist.org/sis2_images/CFpzn81Z-D2zm3g-09.jpg
Great Desert Skink,Liopholis kintorei,Vulnerable,https://s2r.iucnredlist.org/sis2_images/NZ2JsFgS-D553wf-dmT.jpg
Blue Mountain Water Skink,Eulamprus leuraensis,Endangered,https://s2r.iucnredlist.org/sis2_images/eulamprus-leuraensis.jpg
Christmas Island Whiptail-skink,Emoia nativitatis,Extinct,https://s2r.iucnredlist.org/sis2_images/D14jJ2fJ-D25Nlf-crw.jpg
Mitchell's Water Monitor,Varanus mitchelli,Critically Endangered,https://s2r.iucnredlist.org/sis2_images/Dd5fsZKZ-D55G1Z-D2g.jpg
Christmas Island Blue-tailed Shinning-skink,Cryptoblepharus egeriae,Extinct in the Wild,https://s2r.iucnredlist.org/sis2_images/c4b6dZKr-D27P1s-DpS.jpg
Taiwan Japalure,Diploderma swinhonis,Least Concern,https://s2r.iucnredlist.org/sis2_images/200906563.jpg
Bartle Frere Cool-skink,Techmarscincus jigurru,Vulnerable,https://s2r.iucnredlist.org/sis2_images/ckMT29dH-D570NH-FVh.jpg
Bolson Tortoise,Gopherus flavomarginatus,Critically Endangered,https://s2r.iucnredlist.org/sis2_images/1517165848.jpg
Cuban Crocodile,Crocodylus rhombifer,Critically Endangered,https://s2r.iucnredlist.org/sis2_images/2134211378.jpg
Lacerta strigata,Lacerta strigata,Least Concern,https://s2r.iucnredlist.org/sis2_images/30453056.jpg
Central American Mabuya,Marisora unimarginata,Least Concern,https://s2r.iucnredlist.org/sis2_images/730610459.jpg
Alsophis rufiventris,Alsophis rufiventris,Vulnerable,https://s2r.iucnredlist.org/sis2_images/261868670.jpg
Montserrat Galliwasp,Diploglossus montisserrati,Critically Endangered,https://s2r.iucnredlist.org/sis2_images/diploglossus-montisserrati.jpg
Ornate Ground Snake,Erythrolamprus ornatus,Critically Endangered,https://s2r.iucnredlist.org/sis2_images/693329763.jpg
Middle Eastern Short-fingered Gecko,Stenodactylus doriae,Least Concern,https://s2r.iucnredlist.org/sis2_images/DtPWH6db-D7GcrH-vjX.jpg
Angulate Tortoise,Chersina angulata,Least Concern,https://s2r.iucnredlist.org/sis2_images/FgMPmd5B-D2VDgx-dK.jpg
Parrot-beaked Dwarf Tortoise,Homopus areolatus,Least Concern,https://s2r.iucnredlist.org/sis2_images/322653680.jpg
Greater Padloper,Homopus femoralis,Least Concern,https://s2r.iucnredlist.org/sis2_images/286571865.jpg
Cape Sand Snake,Psammophis leightoni,Least Concern,https://s2r.iucnredlist.org/sis2_images/448338980.jpg
Juniper Skink,Ablepharus kitaibelii,Least Concern,https://s2r.iucnredlist.org/sis2_images/786604668.jpg
Yellow-bellied Sea Snake,Hydrophis platurus,Least Concern,https://s2r.iucnredlist.org/sis2_images/632317007.jpg
Sierra Negra Giant Tortoise,Chelonoidis guntheri,Critically Endangered,https://s2r.iucnredlist.org/sis2_images/jLgHkTpM-D3wflk-Cb5.jpg
Volcán Darwin Giant Tortoise,Chelonoidis microphyes,Endangered,https://s2r.iucnredlist.org/sis2_images/1740037724.jpg
Loggerhead Turtle,Caretta caretta,Vulnerable,https://s2r.iucnredlist.org/sis2_images/caretta-caretta.jpg
Rough Gecko,Naultinus rudis,Endangered,https://s2r.iucnredlist.org/sis2_images/GMK8Lxbg-D9gXRD-ZJL.jpg
Otago Skink,Oligosoma otagense,Endangered,https://s2r.iucnredlist.org/sis2_images/783797777.jpg
Tuatara,Sphenodon punctatus,Least Concern,https://s2r.iucnredlist.org/sis2_images/4gVWdDWx-D9qpFl-f5F.jpg
Awakopaka Skink,Oligosoma awakopaka,Critically Endangered,https://s2r.iucnredlist.org/sis2_images/dDQ6dLh7-D9MVPD-cJJ.jpg
Levant Skink,Heremites auratus,Least Concern,https://s2r.iucnredlist.org/sis2_images/374014077.jpg
Southern Grass Skink,Heremites septemtaeniatus,Least Concern,https://s2r.iucnredlist.org/sis2_images/DTxhK3d6-D57n8N-FJX.jpg
Teira dugesii,Teira dugesii,Least Concern,https://s2r.iucnredlist.org/sis2_images/2053231781.jpg
Roatán Spiny-tailed Iguana,Ctenosaura oedirhina,Endangered,https://s2r.iucnredlist.org/sis2_images/ctenosaura-oedirhina.jpg
Lesser Antillean Iguana,Iguana delicatissima,Critically Endangered,https://s2r.iucnredlist.org/sis2_images/iguana-delicatissima.jpg
Green-bellied Tree Skink,Epibator nigrofasciolatum,Least Concern,https://s2r.iucnredlist.org/sis2_images/DnJH0WWG-D8RgxB-jZ4.jpg
Maruia Maquis Skink,Phasmasaurus maruia,Endangered,https://s2r.iucnredlist.org/sis2_images/HbvRPnCG-D8Tk96-lXn.jpg
Blue-mouthed Skink,Caesoris novaecaledoniae,Least Concern,https://s2r.iucnredlist.org/sis2_images/cQC7nh6K-D8qrQ5-jLv.jpg
Crested Gecko,Correlophus ciliatus,Vulnerable,https://s2r.iucnredlist.org/sis2_images/401292412.jpg
Sarasin's Giant Gecko,Correlophus sarasinorum,Vulnerable,https://s2r.iucnredlist.org/sis2_images/c8jzQWLX-D79RXr-bND.jpg
Chinese Three-striped Box Turtle,Cuora trifasciata,Critically Endangered,https://s2r.iucnredlist.org/sis2_images/cuora-trifasciata.jpg
Roti Snake-necked Turtle,Chelodina mccordi,Critically Endangered,https://s2r.iucnredlist.org/sis2_images/CDzk8216-D4qkbN-bKp.jpg
Burmese Star Tortoise,Geochelone platynota,Critically Endangered,https://s2r.iucnredlist.org/sis2_images/CsDGd8TL-dblf5T-pZM.jpg
Indian Star Tortoise,Geochelone elegans,Vulnerable,https://s2r.iucnredlist.org/sis2_images/1590728927.jpg
Bourret’s Box Turtle,Cuora bourreti,Critically Endangered,https://s2r.iucnredlist.org/sis2_images/DFkDlrmt-dblJ8T-pz6.jpg
Southern Viet Nam Box Turtle,Cuora picturata,Critically Endangered,https://s2r.iucnredlist.org/sis2_images/cbLrfv7P-dblJb4-pzv.jpg
Indochinese Box Turtle,Cuora galbinifrons,Critically Endangered,https://s2r.iucnredlist.org/sis2_images/CPHBkZVq-dblJQg-pzZ.jpg
Crowned Forest Dragon,Lophosaurus dilophus,Least Concern,https://s2r.iucnredlist.org/sis2_images/2051802798.jpg
Gardner's Leaf-toed Gecko,Asaccus gardneri,Least Concern,https://s2r.iucnredlist.org/sis2_images/hT3tz86l-D5SJh1-DzW.jpg
Utila Spiny-tailed Iguana,Ctenosaura bakeri,Critically Endangered,https://s2r.iucnredlist.org/sis2_images/ctenosaura-bakeri.jpg
Even-fingered Gecko,Alsophylax pipiens,Least Concern,https://s2r.iucnredlist.org/sis2_images/907258311.jpg
Orlov's Fan-footed Gecko,Ptyodactylus orlovi,Least Concern,https://s2r.iucnredlist.org/sis2_images/l44BL227-D7Fdgz-Vf8.jpg
Ruus al Jibal Fan-footed Gecko,Ptyodactylus ruusaljibalicus,Least Concern,https://s2r.iucnredlist.org/sis2_images/Cq7MhLNC-D5S8nm-dB9.jpg
Fernandina Giant Tortoise,Chelonoidis phantasticus,Critically Endangered,https://s2r.iucnredlist.org/sis2_images/611904529.jpg
Motagua Spiny-tailed Iguana,Ctenosaura palearis,Endangered,https://s2r.iucnredlist.org/sis2_images/651477545.jpg
Spiny Chuckwalla,Sauromalus hispidus,Endangered,https://s2r.iucnredlist.org/sis2_images/1124469626.jpg
Stokes' Sea Snake,Hydrophis stokesii,Least Concern,https://s2r.iucnredlist.org/sis2_images/C3qPVgbT-D66Rr5-RGT.png
Viperine Sea Snake,Hydrophis viperinus,Least Concern,https://s2r.iucnredlist.org/sis2_images/DJxPdMn0-D7bwkB-smX.jpg
Spine-bellied Sea Snake,Hydrophis curtus,Least Concern,https://s2r.iucnredlist.org/sis2_images/DGww4WdM-D66RBF-RGB.png
Slevin's Sand Gecko,Stenodactylus slevini,Least Concern,https://s2r.iucnredlist.org/sis2_images/CwXjrtZf-D57nZ1-FJt.jpg
Jeypore Ground Gecko,Cyrtodactylus jeyporensis,Critically Endangered,https://s2r.iucnredlist.org/sis2_images/1816580447.jpg
Arabian Web-footed Sand Gecko,Stenodactylus arabicus,Least Concern,https://s2r.iucnredlist.org/sis2_images/Gr2lJt1t-D7GCgx-vjn.jpg
South African Helmeted Terrapin,Pelomedusa galeata,Least Concern,https://s2r.iucnredlist.org/sis2_images/1186225284.jpg
Sinaloan Thornscrub Tortoise,Gopherus evgoodei,Vulnerable,https://s2r.iucnredlist.org/sis2_images/DlsFKPZK-D3wg2P-Ccc.jpg
Cerro Azul Giant Tortoise,Chelonoidis vicina,Endangered,https://s2r.iucnredlist.org/sis2_images/848744443.jpg
Volcán Alcedo Giant Tortoise,Chelonoidis vandenburghi,Vulnerable,https://s2r.iucnredlist.org/sis2_images/CrFKVd1K-D3Wq0H-bZD.jpg
Northern Curly-tailed Lizard,Leiocephalus carinatus,Least Concern,https://s2r.iucnredlist.org/sis2_images/658749384.jpg
Gharial,Gavialis gangeticus,Critically Endangered,https://s2r.iucnredlist.org/sis2_images/220085600.jpg
Burmese Python,Python bivittatus,Vulnerable,https://s2r.iucnredlist.org/sis2_images/1662935344.jpg
Southern River Terrapin,Batagur affinis,Critically Endangered,https://s2r.iucnredlist.org/sis2_images/462492821.jpg
Three-striped Roofed Turtle,Batagur dhongoka,Critically Endangered,https://s2r.iucnredlist.org/sis2_images/bvd8GwNZ-D9rrGN-gR5.jpg
Red-crowned Roofed Turtle,Batagur kachuga,Critically Endangered,https://s2r.iucnredlist.org/sis2_images/batagur-kachuga.jpg
Burmese Roofed Turtle,Batagur trivittata,Critically Endangered,https://s2r.iucnredlist.org/sis2_images/batagur-trivittata.jpg
Asian Narrow-headed Softshell Turtle,Chitra chitra,Critically Endangered,https://s2r.iucnredlist.org/sis2_images/bmdzLTqL-D9rrqJ-gR0.jpg
Spotted Pond Turtle,Geoclemys hamiltonii,Endangered,https://s2r.iucnredlist.org/sis2_images/NLC17bkZ-D9rrKJ-gR7.jpg
Elongated Tortoise,Indotestudo elongata,Critically Endangered,https://s2r.iucnredlist.org/sis2_images/Nb0ts8Mb-D9rRgP-gRT.jpg
Asian Giant Tortoise,Manouria emys,Critically Endangered,https://s2r.iucnredlist.org/sis2_images/cTG2r3vH-D9Rhpx-Gt9.jpg
Keel-scaled Boa,Casarea dussumieri,Vulnerable,https://s2r.iucnredlist.org/sis2_images/casarea-dussumieri.jpg
Telfair's Skink,Leiolopisma telfairii,Vulnerable,https://s2r.iucnredlist.org/sis2_images/leiolopisma-telfairii.jpg
Gau Banded Iguana,Brachylophus gau,Endangered,https://s2r.iucnredlist.org/sis2_images/GvpflTX7-dChWV7-bCj.jpg
Kemp's Ridley,Lepidochelys kempii,Critically Endangered,https://s2r.iucnredlist.org/sis2_images/787195903.jpg
Geometric Tortoise,Psammobates geometricus,Critically Endangered,https://s2r.iucnredlist.org/sis2_images/2011041739.jpg
Common Green Iguana,Iguana iguana,Least Concern,https://s2r.iucnredlist.org/sis2_images/470539693.jpg
Abronia vasconcelosii,Abronia vasconcelosii,Vulnerable,https://s2r.iucnredlist.org/sis2_images/127904520.jpg
Antsingy Leaf Chameleon,Brookesia perarmata,Endangered,https://s2r.iucnredlist.org/sis2_images/brookesia-perarmata.jpg
Geophis damiani,Geophis damiani,Critically Endangered,https://s2r.iucnredlist.org/sis2_images/250928594.jpg
Testudo marginata,Testudo marginata,Least Concern,https://s2r.iucnredlist.org/sis2_images/167939184.jpg
Paroedura masobe,Paroedura masobe,Endangered,https://s2r.iucnredlist.org/sis2_images/2069109688.jpg
Spider Tortoise,Pyxis arachnoides,Critically Endangered,https://s2r.iucnredlist.org/sis2_images/173880275.jpg
Lined Flat-tail Gecko,Uroplatus lineatus,Least Concern,https://s2r.iucnredlist.org/sis2_images/1036453168.jpg
Uroplatus phantasticus,Uroplatus phantasticus,Least Concern,https://s2r.iucnredlist.org/sis2_images/1434544570.jpg
Marine Iguana,Amblyrhynchus cristatus,Vulnerable,https://s2r.iucnredlist.org/sis2_images/pPZs8Bd1-dCrPcG-Gh9.jpg
Orinoco Crocodile,Crocodylus intermedius,Critically Endangered,https://s2r.iucnredlist.org/sis2_images/crocodylus-intermedius.jpg
Vietnamese Pond Turtle,Mauremys annamensis,Critically Endangered,https://s2r.iucnredlist.org/sis2_images/302911131.jpg
Southern New Guinea Stream Turtle,Elseya rhodini,Least Concern,https://s2r.iucnredlist.org/sis2_images/MzlR6g9v-D9SJFG-g3B.jpg
Plestiodon finitimus,Plestiodon finitimus,Least Concern,https://s2r.iucnredlist.org/sis2_images/1746647745.jpg
